<?xml version="1.0" encoding="UTF-8"?>
<export version="D">
  <design>
    <source>/home/balagi/src/kicad/sboxnet-weichenservo/sboxnet-weichenservo.sch</source>
    <date>Tue 29 Oct 2019 10:39:37 CET</date>
    <tool>Eeschema 5.1.4-e60b266~84~ubuntu18.04.1</tool>
    <sheet number="1" name="/" tstamps="/">
      <title_block>
        <title>sboxnet weichenservo</title>
        <company>balagi</company>
        <rev>1</rev>
        <date>31.08.2019</date>
        <source>sboxnet-weichenservo.sch</source>
        <comment number="1" value=""/>
        <comment number="2" value=""/>
        <comment number="3" value=""/>
        <comment number="4" value=""/>
      </title_block>
    </sheet>
  </design>
  <components>
    <comp ref="U1">
      <value>LF50_TO220</value>
      <footprint>Package_TO_SOT_THT:TO-220-3_Vertical</footprint>
      <datasheet>http://www.st.com/content/ccc/resource/technical/document/datasheet/c4/0e/7e/2a/be/bc/4c/bd/CD00000546.pdf/files/CD00000546.pdf/jcr:content/translations/en.CD00000546.pdf</datasheet>
      <libsource lib="Regulator_Linear" part="LF50_TO220" description="Low-drop Voltage Regulator, Io up to 500mA, Fixed Vo 5.0V, TO-220"/>
      <sheetpath names="/" tstamps="/"/>
      <tstamp>5D6A854F</tstamp>
    </comp>
    <comp ref="C1">
      <value>100n</value>
      <footprint>Capacitor_THT:C_Axial_L3.8mm_D2.6mm_P7.50mm_Horizontal</footprint>
      <datasheet>~</datasheet>
      <libsource lib="Device" part="C" description="Unpolarized capacitor"/>
      <sheetpath names="/" tstamps="/"/>
      <tstamp>5D6A9BC0</tstamp>
    </comp>
    <comp ref="C2">
      <value>10u</value>
      <footprint>Capacitor_THT:CP_Axial_L10.0mm_D4.5mm_P15.00mm_Horizontal</footprint>
      <datasheet>~</datasheet>
      <libsource lib="Device" part="CP" description="Polarized capacitor"/>
      <sheetpath names="/" tstamps="/"/>
      <tstamp>5D6AA20E</tstamp>
    </comp>
    <comp ref="D1">
      <value>1N4001</value>
      <footprint>Diode_THT:D_DO-41_SOD81_P10.16mm_Horizontal</footprint>
      <datasheet>http://www.vishay.com/docs/88503/1n4001.pdf</datasheet>
      <libsource lib="Diode" part="1N4001" description="50V 1A General Purpose Rectifier Diode, DO-41"/>
      <sheetpath names="/" tstamps="/"/>
      <tstamp>5D6B1985</tstamp>
    </comp>
    <comp ref="J1">
      <value>Screw_Terminal_01x02</value>
      <footprint>TerminalBlock:TerminalBlock_Altech_AK300-2_P5.00mm</footprint>
      <datasheet>~</datasheet>
      <libsource lib="Connector" part="Screw_Terminal_01x02" description="Generic screw terminal, single row, 01x02, script generated (kicad-library-utils/schlib/autogen/connector/)"/>
      <sheetpath names="/" tstamps="/"/>
      <tstamp>5D6B9643</tstamp>
    </comp>
    <comp ref="R1">
      <value>R</value>
      <footprint>Resistor_THT:R_Axial_DIN0204_L3.6mm_D1.6mm_P5.08mm_Vertical</footprint>
      <datasheet>~</datasheet>
      <libsource lib="Device" part="R" description="Resistor"/>
      <sheetpath names="/" tstamps="/"/>
      <tstamp>5D6BCCAC</tstamp>
    </comp>
    <comp ref="D2">
      <value>LED</value>
      <footprint>LED_THT:LED_D3.0mm</footprint>
      <datasheet>~</datasheet>
      <libsource lib="Device" part="LED" description="Light emitting diode"/>
      <sheetpath names="/" tstamps="/"/>
      <tstamp>5D6BE0A6</tstamp>
    </comp>
    <comp ref="J3">
      <value>Conn_02x17_Odd_Even</value>
      <footprint>sboxnet-weichenservo:connector_2x17</footprint>
      <datasheet>~</datasheet>
      <libsource lib="Connector_Generic" part="Conn_02x17_Odd_Even" description="Generic connector, double row, 02x17, odd/even pin numbering scheme (row 1 odd numbers, row 2 even numbers), script generated (kicad-library-utils/schlib/autogen/connector/)"/>
      <sheetpath names="/" tstamps="/"/>
      <tstamp>5D6CC19E</tstamp>
    </comp>
    <comp ref="U3">
      <value>74HCT151</value>
      <footprint>Package_DIP:DIP-16_W7.62mm_Socket</footprint>
      <libsource lib="74xx_IEEE" part="74151" description=""/>
      <sheetpath names="/" tstamps="/"/>
      <tstamp>5D6CF1DE</tstamp>
    </comp>
    <comp ref="J4">
      <value>Conn_01x09_Female</value>
      <footprint>Connector_PinHeader_2.54mm:PinHeader_1x09_P2.54mm_Vertical</footprint>
      <datasheet>~</datasheet>
      <libsource lib="Connector" part="Conn_01x09_Female" description="Generic connector, single row, 01x09, script generated (kicad-library-utils/schlib/autogen/connector/)"/>
      <sheetpath names="/" tstamps="/"/>
      <tstamp>5D6D1DB9</tstamp>
    </comp>
    <comp ref="J2">
      <value>Conn_01x05_Female</value>
      <footprint>Connector_PinSocket_2.54mm:PinSocket_1x05_P2.54mm_Vertical</footprint>
      <datasheet>~</datasheet>
      <libsource lib="Connector" part="Conn_01x05_Female" description="Generic connector, single row, 01x05, script generated (kicad-library-utils/schlib/autogen/connector/)"/>
      <sheetpath names="/" tstamps="/"/>
      <tstamp>5D6CC078</tstamp>
    </comp>
    <comp ref="RN2">
      <value>8x 10k</value>
      <footprint>Resistor_THT:R_Array_SIP9</footprint>
      <datasheet>http://www.vishay.com/docs/31509/csc.pdf</datasheet>
      <libsource lib="Device" part="R_Network08" description="8 resistor network, star topology, bussed resistors, small symbol"/>
      <sheetpath names="/" tstamps="/"/>
      <tstamp>5D6FF43B</tstamp>
    </comp>
    <comp ref="RN3">
      <value>R_Pack08</value>
      <footprint>Package_DIP:DIP-16_W7.62mm</footprint>
      <datasheet>~</datasheet>
      <libsource lib="Device" part="R_Pack08" description="8 resistor network, parallel topology, DIP package"/>
      <sheetpath names="/" tstamps="/"/>
      <tstamp>5D7539D6</tstamp>
    </comp>
    <comp ref="J9">
      <value>Conn_01x03_Male</value>
      <footprint>Connector_PinHeader_2.54mm:PinHeader_1x03_P2.54mm_Vertical</footprint>
      <datasheet>~</datasheet>
      <libsource lib="Connector" part="Conn_01x03_Male" description="Generic connector, single row, 01x03, script generated (kicad-library-utils/schlib/autogen/connector/)"/>
      <sheetpath names="/" tstamps="/"/>
      <tstamp>5D75C9C5</tstamp>
    </comp>
    <comp ref="J8">
      <value>Conn_01x03_Male</value>
      <footprint>Connector_PinHeader_2.54mm:PinHeader_1x03_P2.54mm_Vertical</footprint>
      <datasheet>~</datasheet>
      <libsource lib="Connector" part="Conn_01x03_Male" description="Generic connector, single row, 01x03, script generated (kicad-library-utils/schlib/autogen/connector/)"/>
      <sheetpath names="/" tstamps="/"/>
      <tstamp>5D7761CD</tstamp>
    </comp>
    <comp ref="J7">
      <value>Conn_01x03_Male</value>
      <footprint>Connector_PinHeader_2.54mm:PinHeader_1x03_P2.54mm_Vertical</footprint>
      <datasheet>~</datasheet>
      <libsource lib="Connector" part="Conn_01x03_Male" description="Generic connector, single row, 01x03, script generated (kicad-library-utils/schlib/autogen/connector/)"/>
      <sheetpath names="/" tstamps="/"/>
      <tstamp>5D77C2EE</tstamp>
    </comp>
    <comp ref="J6">
      <value>Conn_01x03_Male</value>
      <footprint>Connector_PinHeader_2.54mm:PinHeader_1x03_P2.54mm_Vertical</footprint>
      <datasheet>~</datasheet>
      <libsource lib="Connector" part="Conn_01x03_Male" description="Generic connector, single row, 01x03, script generated (kicad-library-utils/schlib/autogen/connector/)"/>
      <sheetpath names="/" tstamps="/"/>
      <tstamp>5D780FE3</tstamp>
    </comp>
    <comp ref="J5">
      <value>Conn_01x03_Male</value>
      <footprint>Connector_PinHeader_2.54mm:PinHeader_1x03_P2.54mm_Vertical</footprint>
      <datasheet>~</datasheet>
      <libsource lib="Connector" part="Conn_01x03_Male" description="Generic connector, single row, 01x03, script generated (kicad-library-utils/schlib/autogen/connector/)"/>
      <sheetpath names="/" tstamps="/"/>
      <tstamp>5D784B42</tstamp>
    </comp>
    <comp ref="J11">
      <value>Conn_01x03_Male</value>
      <footprint>Connector_PinHeader_2.54mm:PinHeader_1x03_P2.54mm_Vertical</footprint>
      <datasheet>~</datasheet>
      <libsource lib="Connector" part="Conn_01x03_Male" description="Generic connector, single row, 01x03, script generated (kicad-library-utils/schlib/autogen/connector/)"/>
      <sheetpath names="/" tstamps="/"/>
      <tstamp>5D78DB78</tstamp>
    </comp>
    <comp ref="J12">
      <value>Conn_01x03_Male</value>
      <footprint>Connector_PinHeader_2.54mm:PinHeader_1x03_P2.54mm_Vertical</footprint>
      <datasheet>~</datasheet>
      <libsource lib="Connector" part="Conn_01x03_Male" description="Generic connector, single row, 01x03, script generated (kicad-library-utils/schlib/autogen/connector/)"/>
      <sheetpath names="/" tstamps="/"/>
      <tstamp>5D793182</tstamp>
    </comp>
    <comp ref="J10">
      <value>Conn_01x03_Male</value>
      <footprint>Connector_PinHeader_2.54mm:PinHeader_1x03_P2.54mm_Vertical</footprint>
      <datasheet>~</datasheet>
      <libsource lib="Connector" part="Conn_01x03_Male" description="Generic connector, single row, 01x03, script generated (kicad-library-utils/schlib/autogen/connector/)"/>
      <sheetpath names="/" tstamps="/"/>
      <tstamp>5D7893CF</tstamp>
    </comp>
    <comp ref="R2">
      <value>100</value>
      <footprint>Resistor_THT:R_Axial_DIN0207_L6.3mm_D2.5mm_P5.08mm_Vertical</footprint>
      <datasheet>~</datasheet>
      <libsource lib="Device" part="R" description="Resistor"/>
      <sheetpath names="/" tstamps="/"/>
      <tstamp>5D7D90E0</tstamp>
    </comp>
    <comp ref="BAR1">
      <value>HDSP-4830_2</value>
      <footprint>Display:HDSP-4830</footprint>
      <datasheet>https://docs.broadcom.com/docs/AV02-1798EN</datasheet>
      <libsource lib="LED" part="HDSP-4830_2" description="BAR GRAPH 10 segment block, high efficiency red"/>
      <sheetpath names="/" tstamps="/"/>
      <tstamp>5D746743</tstamp>
    </comp>
    <comp ref="RN1">
      <value>8x 1k</value>
      <footprint>Resistor_THT:R_Array_SIP9</footprint>
      <datasheet>http://www.vishay.com/docs/31509/csc.pdf</datasheet>
      <libsource lib="Device" part="R_Network08" description="8 resistor network, star topology, bussed resistors, small symbol"/>
      <sheetpath names="/" tstamps="/"/>
      <tstamp>5D8B8220</tstamp>
    </comp>
    <comp ref="U2">
      <value>74hct540</value>
      <footprint>Package_DIP:DIP-20_W7.62mm</footprint>
      <libsource lib="sboxnet" part="74hct540" description=""/>
      <sheetpath names="/" tstamps="/"/>
      <tstamp>5D9F864A</tstamp>
    </comp>
  </components>
  <libparts>
    <libpart lib="74xx_IEEE" part="74151">
      <fields>
        <field name="Reference">U</field>
        <field name="Value">74151</field>
      </fields>
      <pins>
        <pin num="1" name="I3" type="input"/>
        <pin num="2" name="I2" type="input"/>
        <pin num="3" name="I1" type="input"/>
        <pin num="4" name="I0" type="input"/>
        <pin num="5" name="Q" type="output"/>
        <pin num="6" name="~Q" type="output"/>
        <pin num="7" name="~E" type="input"/>
        <pin num="8" name="GND" type="power_in"/>
        <pin num="9" name="S2" type="input"/>
        <pin num="10" name="S1" type="input"/>
        <pin num="11" name="S0" type="input"/>
        <pin num="12" name="I7" type="input"/>
        <pin num="13" name="I6" type="input"/>
        <pin num="14" name="I5" type="input"/>
        <pin num="15" name="I4" type="input"/>
        <pin num="16" name="VCC" type="power_in"/>
      </pins>
    </libpart>
    <libpart lib="Connector" part="Conn_01x03_Male">
      <description>Generic connector, single row, 01x03, script generated (kicad-library-utils/schlib/autogen/connector/)</description>
      <docs>~</docs>
      <footprints>
        <fp>Connector*:*_1x??_*</fp>
      </footprints>
      <fields>
        <field name="Reference">J</field>
        <field name="Value">Conn_01x03_Male</field>
      </fields>
      <pins>
        <pin num="1" name="Pin_1" type="passive"/>
        <pin num="2" name="Pin_2" type="passive"/>
        <pin num="3" name="Pin_3" type="passive"/>
      </pins>
    </libpart>
    <libpart lib="Connector" part="Conn_01x05_Female">
      <description>Generic connector, single row, 01x05, script generated (kicad-library-utils/schlib/autogen/connector/)</description>
      <docs>~</docs>
      <footprints>
        <fp>Connector*:*_1x??_*</fp>
      </footprints>
      <fields>
        <field name="Reference">J</field>
        <field name="Value">Conn_01x05_Female</field>
      </fields>
      <pins>
        <pin num="1" name="Pin_1" type="passive"/>
        <pin num="2" name="Pin_2" type="passive"/>
        <pin num="3" name="Pin_3" type="passive"/>
        <pin num="4" name="Pin_4" type="passive"/>
        <pin num="5" name="Pin_5" type="passive"/>
      </pins>
    </libpart>
    <libpart lib="Connector" part="Conn_01x09_Female">
      <description>Generic connector, single row, 01x09, script generated (kicad-library-utils/schlib/autogen/connector/)</description>
      <docs>~</docs>
      <footprints>
        <fp>Connector*:*_1x??_*</fp>
      </footprints>
      <fields>
        <field name="Reference">J</field>
        <field name="Value">Conn_01x09_Female</field>
      </fields>
      <pins>
        <pin num="1" name="Pin_1" type="passive"/>
        <pin num="2" name="Pin_2" type="passive"/>
        <pin num="3" name="Pin_3" type="passive"/>
        <pin num="4" name="Pin_4" type="passive"/>
        <pin num="5" name="Pin_5" type="passive"/>
        <pin num="6" name="Pin_6" type="passive"/>
        <pin num="7" name="Pin_7" type="passive"/>
        <pin num="8" name="Pin_8" type="passive"/>
        <pin num="9" name="Pin_9" type="passive"/>
      </pins>
    </libpart>
    <libpart lib="Connector" part="Screw_Terminal_01x02">
      <description>Generic screw terminal, single row, 01x02, script generated (kicad-library-utils/schlib/autogen/connector/)</description>
      <docs>~</docs>
      <footprints>
        <fp>TerminalBlock*:*</fp>
      </footprints>
      <fields>
        <field name="Reference">J</field>
        <field name="Value">Screw_Terminal_01x02</field>
      </fields>
      <pins>
        <pin num="1" name="Pin_1" type="passive"/>
        <pin num="2" name="Pin_2" type="passive"/>
      </pins>
    </libpart>
    <libpart lib="Connector_Generic" part="Conn_02x17_Odd_Even">
      <description>Generic connector, double row, 02x17, odd/even pin numbering scheme (row 1 odd numbers, row 2 even numbers), script generated (kicad-library-utils/schlib/autogen/connector/)</description>
      <docs>~</docs>
      <footprints>
        <fp>Connector*:*_2x??_*</fp>
      </footprints>
      <fields>
        <field name="Reference">J</field>
        <field name="Value">Conn_02x17_Odd_Even</field>
      </fields>
      <pins>
        <pin num="1" name="Pin_1" type="passive"/>
        <pin num="2" name="Pin_2" type="passive"/>
        <pin num="3" name="Pin_3" type="passive"/>
        <pin num="4" name="Pin_4" type="passive"/>
        <pin num="5" name="Pin_5" type="passive"/>
        <pin num="6" name="Pin_6" type="passive"/>
        <pin num="7" name="Pin_7" type="passive"/>
        <pin num="8" name="Pin_8" type="passive"/>
        <pin num="9" name="Pin_9" type="passive"/>
        <pin num="10" name="Pin_10" type="passive"/>
        <pin num="11" name="Pin_11" type="passive"/>
        <pin num="12" name="Pin_12" type="passive"/>
        <pin num="13" name="Pin_13" type="passive"/>
        <pin num="14" name="Pin_14" type="passive"/>
        <pin num="15" name="Pin_15" type="passive"/>
        <pin num="16" name="Pin_16" type="passive"/>
        <pin num="17" name="Pin_17" type="passive"/>
        <pin num="18" name="Pin_18" type="passive"/>
        <pin num="19" name="Pin_19" type="passive"/>
        <pin num="20" name="Pin_20" type="passive"/>
        <pin num="21" name="Pin_21" type="passive"/>
        <pin num="22" name="Pin_22" type="passive"/>
        <pin num="23" name="Pin_23" type="passive"/>
        <pin num="24" name="Pin_24" type="passive"/>
        <pin num="25" name="Pin_25" type="passive"/>
        <pin num="26" name="Pin_26" type="passive"/>
        <pin num="27" name="Pin_27" type="passive"/>
        <pin num="28" name="Pin_28" type="passive"/>
        <pin num="29" name="Pin_29" type="passive"/>
        <pin num="30" name="Pin_30" type="passive"/>
        <pin num="31" name="Pin_31" type="passive"/>
        <pin num="32" name="Pin_32" type="passive"/>
        <pin num="33" name="Pin_33" type="passive"/>
        <pin num="34" name="Pin_34" type="passive"/>
      </pins>
    </libpart>
    <libpart lib="Device" part="C">
      <description>Unpolarized capacitor</description>
      <docs>~</docs>
      <footprints>
        <fp>C_*</fp>
      </footprints>
      <fields>
        <field name="Reference">C</field>
        <field name="Value">C</field>
      </fields>
      <pins>
        <pin num="1" name="~" type="passive"/>
        <pin num="2" name="~" type="passive"/>
      </pins>
    </libpart>
    <libpart lib="Device" part="CP">
      <description>Polarized capacitor</description>
      <docs>~</docs>
      <footprints>
        <fp>CP_*</fp>
      </footprints>
      <fields>
        <field name="Reference">C</field>
        <field name="Value">CP</field>
      </fields>
      <pins>
        <pin num="1" name="~" type="passive"/>
        <pin num="2" name="~" type="passive"/>
      </pins>
    </libpart>
    <libpart lib="Device" part="LED">
      <description>Light emitting diode</description>
      <docs>~</docs>
      <footprints>
        <fp>LED*</fp>
        <fp>LED_SMD:*</fp>
        <fp>LED_THT:*</fp>
      </footprints>
      <fields>
        <field name="Reference">D</field>
        <field name="Value">LED</field>
      </fields>
      <pins>
        <pin num="1" name="K" type="passive"/>
        <pin num="2" name="A" type="passive"/>
      </pins>
    </libpart>
    <libpart lib="Device" part="R">
      <description>Resistor</description>
      <docs>~</docs>
      <footprints>
        <fp>R_*</fp>
      </footprints>
      <fields>
        <field name="Reference">R</field>
        <field name="Value">R</field>
      </fields>
      <pins>
        <pin num="1" name="~" type="passive"/>
        <pin num="2" name="~" type="passive"/>
      </pins>
    </libpart>
    <libpart lib="Device" part="R_Network08">
      <description>8 resistor network, star topology, bussed resistors, small symbol</description>
      <docs>http://www.vishay.com/docs/31509/csc.pdf</docs>
      <footprints>
        <fp>R?Array?SIP*</fp>
      </footprints>
      <fields>
        <field name="Reference">RN</field>
        <field name="Value">R_Network08</field>
        <field name="Footprint">Resistor_THT:R_Array_SIP9</field>
      </fields>
      <pins>
        <pin num="1" name="common" type="passive"/>
        <pin num="2" name="R1" type="passive"/>
        <pin num="3" name="R2" type="passive"/>
        <pin num="4" name="R3" type="passive"/>
        <pin num="5" name="R4" type="passive"/>
        <pin num="6" name="R5" type="passive"/>
        <pin num="7" name="R6" type="passive"/>
        <pin num="8" name="R7" type="passive"/>
        <pin num="9" name="R8" type="passive"/>
      </pins>
    </libpart>
    <libpart lib="Device" part="R_Pack08">
      <description>8 resistor network, parallel topology, DIP package</description>
      <docs>~</docs>
      <footprints>
        <fp>DIP*</fp>
        <fp>SOIC*</fp>
      </footprints>
      <fields>
        <field name="Reference">RN</field>
        <field name="Value">R_Pack08</field>
      </fields>
      <pins>
        <pin num="1" name="R1.1" type="passive"/>
        <pin num="2" name="R2.1" type="passive"/>
        <pin num="3" name="R3.1" type="passive"/>
        <pin num="4" name="R4.1" type="passive"/>
        <pin num="5" name="R5.1" type="passive"/>
        <pin num="6" name="R6.1" type="passive"/>
        <pin num="7" name="R7.1" type="passive"/>
        <pin num="8" name="R8.1" type="passive"/>
        <pin num="9" name="R8.2" type="passive"/>
        <pin num="10" name="R7.2" type="passive"/>
        <pin num="11" name="R6.2" type="passive"/>
        <pin num="12" name="R5.2" type="passive"/>
        <pin num="13" name="R4.2" type="passive"/>
        <pin num="14" name="R3.2" type="passive"/>
        <pin num="15" name="R2.2" type="passive"/>
        <pin num="16" name="R1.2" type="passive"/>
      </pins>
    </libpart>
    <libpart lib="Diode" part="1N4001">
      <aliases>
        <alias>1N4002</alias>
        <alias>1N4003</alias>
        <alias>1N4004</alias>
        <alias>1N4005</alias>
        <alias>1N4006</alias>
        <alias>1N4007</alias>
        <alias>BA157</alias>
        <alias>BA158</alias>
        <alias>BA159</alias>
      </aliases>
      <description>50V 1A General Purpose Rectifier Diode, DO-41</description>
      <docs>http://www.vishay.com/docs/88503/1n4001.pdf</docs>
      <footprints>
        <fp>D*DO?41*</fp>
      </footprints>
      <fields>
        <field name="Reference">D</field>
        <field name="Value">1N4001</field>
        <field name="Footprint">Diode_THT:D_DO-41_SOD81_P10.16mm_Horizontal</field>
      </fields>
      <pins>
        <pin num="1" name="K" type="passive"/>
        <pin num="2" name="A" type="passive"/>
      </pins>
    </libpart>
    <libpart lib="LED" part="HDSP-4830_2">
      <description>BAR GRAPH 10 segment block, high efficiency red</description>
      <docs>https://docs.broadcom.com/docs/AV02-1798EN</docs>
      <footprints>
        <fp>HDSP?48*</fp>
      </footprints>
      <fields>
        <field name="Reference">BAR</field>
        <field name="Value">HDSP-4830_2</field>
        <field name="Footprint">Display:HDSP-4830</field>
      </fields>
      <pins>
        <pin num="1" name="A" type="passive"/>
        <pin num="2" name="A" type="passive"/>
        <pin num="3" name="A" type="passive"/>
        <pin num="4" name="A" type="passive"/>
        <pin num="5" name="A" type="passive"/>
        <pin num="6" name="A" type="passive"/>
        <pin num="7" name="A" type="passive"/>
        <pin num="8" name="A" type="passive"/>
        <pin num="9" name="A" type="passive"/>
        <pin num="10" name="A" type="passive"/>
        <pin num="11" name="K" type="passive"/>
        <pin num="12" name="K" type="passive"/>
        <pin num="13" name="K" type="passive"/>
        <pin num="14" name="K" type="passive"/>
        <pin num="15" name="K" type="passive"/>
        <pin num="16" name="K" type="passive"/>
        <pin num="17" name="K" type="passive"/>
        <pin num="18" name="K" type="passive"/>
        <pin num="19" name="K" type="passive"/>
        <pin num="20" name="K" type="passive"/>
      </pins>
    </libpart>
    <libpart lib="Regulator_Linear" part="LM7805_TO220">
      <aliases>
        <alias>LM7806_TO220</alias>
        <alias>LM7808_TO220</alias>
        <alias>LM7809_TO220</alias>
        <alias>LM7810_TO220</alias>
        <alias>LM7812_TO220</alias>
        <alias>LM7815_TO220</alias>
        <alias>LM7818_TO220</alias>
        <alias>LM7824_TO220</alias>
        <alias>LM78M05_TO220</alias>
        <alias>SPX2920U-3.3_TO220</alias>
        <alias>SPX2920U-5.0_TO220</alias>
        <alias>LF15_TO220</alias>
        <alias>LF18_TO220</alias>
        <alias>LF25_TO220</alias>
        <alias>LF33_TO220</alias>
        <alias>LF50_TO220</alias>
        <alias>LF60_TO220</alias>
        <alias>LF80_TO220</alias>
        <alias>LF85_TO220</alias>
        <alias>LF120_TO220</alias>
        <alias>LF47_TO220</alias>
        <alias>LF90_TO220</alias>
        <alias>LM341T-05_TO220</alias>
        <alias>LM341T-12_TO220</alias>
        <alias>LM341T-15_TO220</alias>
        <alias>LM2937xT</alias>
      </aliases>
      <description>Positive 1A 35V Linear Regulator, Fixed Output 5V, TO-220</description>
      <docs>http://www.fairchildsemi.com/ds/LM/LM7805.pdf</docs>
      <footprints>
        <fp>TO?220*</fp>
      </footprints>
      <fields>
        <field name="Reference">U</field>
        <field name="Value">LM7805_TO220</field>
        <field name="Footprint">Package_TO_SOT_THT:TO-220-3_Vertical</field>
      </fields>
      <pins>
        <pin num="1" name="VI" type="power_in"/>
        <pin num="2" name="GND" type="power_in"/>
        <pin num="3" name="VO" type="power_out"/>
      </pins>
    </libpart>
    <libpart lib="sboxnet" part="74hct540">
      <fields>
        <field name="Reference">U</field>
        <field name="Value">74hct540</field>
        <field name="Footprint">Package_DIP:DIP-20_W7.62mm</field>
      </fields>
      <pins>
        <pin num="1" name="G1" type="input"/>
        <pin num="2" name="A0" type="input"/>
        <pin num="3" name="A1" type="input"/>
        <pin num="4" name="A2" type="input"/>
        <pin num="5" name="A3" type="input"/>
        <pin num="6" name="A4" type="input"/>
        <pin num="7" name="A5" type="input"/>
        <pin num="8" name="A6" type="input"/>
        <pin num="9" name="A7" type="input"/>
        <pin num="10" name="GND" type="power_in"/>
        <pin num="11" name="Y7" type="3state"/>
        <pin num="12" name="Y6" type="3state"/>
        <pin num="13" name="Y5" type="3state"/>
        <pin num="14" name="Y4" type="3state"/>
        <pin num="15" name="Y3" type="3state"/>
        <pin num="16" name="Y2" type="3state"/>
        <pin num="17" name="Y1" type="3state"/>
        <pin num="18" name="Y0" type="3state"/>
        <pin num="19" name="G2" type="input"/>
        <pin num="20" name="VCC" type="power_in"/>
      </pins>
    </libpart>
  </libparts>
  <libraries>
    <library logical="74xx_IEEE">
      <uri>/usr/share/kicad/library/74xx_IEEE.lib</uri>
    </library>
    <library logical="Connector">
      <uri>/usr/share/kicad/library/Connector.lib</uri>
    </library>
    <library logical="Connector_Generic">
      <uri>/usr/share/kicad/library/Connector_Generic.lib</uri>
    </library>
    <library logical="Device">
      <uri>/usr/share/kicad/library/Device.lib</uri>
    </library>
    <library logical="Diode">
      <uri>/usr/share/kicad/library/Diode.lib</uri>
    </library>
    <library logical="LED">
      <uri>/usr/share/kicad/library/LED.lib</uri>
    </library>
    <library logical="Regulator_Linear">
      <uri>/usr/share/kicad/library/Regulator_Linear.lib</uri>
    </library>
    <library logical="sboxnet">
      <uri>/home/balagi/src/kicad/lib/sboxnet.lib</uri>
    </library>
  </libraries>
  <nets>
    <net code="1" name="Net-(BAR1-Pad12)">
      <node ref="BAR1" pin="12"/>
    </net>
    <net code="2" name="Net-(BAR1-Pad11)">
      <node ref="BAR1" pin="11"/>
    </net>
    <net code="3" name="Net-(BAR1-Pad10)">
      <node ref="BAR1" pin="10"/>
    </net>
    <net code="4" name="PD7">
      <node ref="J3" pin="32"/>
      <node ref="BAR1" pin="1"/>
    </net>
    <net code="5" name="Net-(J3-Pad34)">
      <node ref="J3" pin="34"/>
    </net>
    <net code="6" name="Net-(J3-Pad33)">
      <node ref="J3" pin="33"/>
    </net>
    <net code="7" name="Net-(J3-Pad12)">
      <node ref="J3" pin="12"/>
    </net>
    <net code="8" name="Net-(J3-Pad10)">
      <node ref="J3" pin="10"/>
    </net>
    <net code="9" name="Net-(J3-Pad9)">
      <node ref="J3" pin="9"/>
    </net>
    <net code="11" name="Net-(BAR1-Pad9)">
      <node ref="BAR1" pin="9"/>
    </net>
    <net code="12" name="Net-(BAR1-Pad19)">
      <node ref="RN1" pin="3"/>
      <node ref="BAR1" pin="19"/>
    </net>
    <net code="13" name="Net-(BAR1-Pad20)">
      <node ref="BAR1" pin="20"/>
      <node ref="RN1" pin="2"/>
    </net>
    <net code="14" name="Net-(BAR1-Pad13)">
      <node ref="BAR1" pin="13"/>
      <node ref="RN1" pin="9"/>
    </net>
    <net code="15" name="Net-(BAR1-Pad14)">
      <node ref="RN1" pin="8"/>
      <node ref="BAR1" pin="14"/>
    </net>
    <net code="16" name="PD0">
      <node ref="J3" pin="25"/>
      <node ref="BAR1" pin="8"/>
    </net>
    <net code="17" name="PD1">
      <node ref="BAR1" pin="7"/>
      <node ref="J3" pin="26"/>
    </net>
    <net code="18" name="PD2">
      <node ref="BAR1" pin="6"/>
      <node ref="J3" pin="27"/>
    </net>
    <net code="19" name="PD3">
      <node ref="BAR1" pin="5"/>
      <node ref="J3" pin="28"/>
    </net>
    <net code="20" name="PD4">
      <node ref="J3" pin="29"/>
      <node ref="BAR1" pin="4"/>
    </net>
    <net code="21" name="PD5">
      <node ref="BAR1" pin="3"/>
      <node ref="J3" pin="30"/>
    </net>
    <net code="22" name="PD6">
      <node ref="BAR1" pin="2"/>
      <node ref="J3" pin="31"/>
    </net>
    <net code="23" name="Net-(BAR1-Pad18)">
      <node ref="RN1" pin="4"/>
      <node ref="BAR1" pin="18"/>
    </net>
    <net code="24" name="Net-(BAR1-Pad17)">
      <node ref="RN1" pin="5"/>
      <node ref="BAR1" pin="17"/>
    </net>
    <net code="25" name="Net-(BAR1-Pad16)">
      <node ref="RN1" pin="6"/>
      <node ref="BAR1" pin="16"/>
    </net>
    <net code="26" name="Net-(BAR1-Pad15)">
      <node ref="BAR1" pin="15"/>
      <node ref="RN1" pin="7"/>
    </net>
    <net code="27" name="Net-(J5-Pad1)">
      <node ref="J5" pin="1"/>
      <node ref="RN3" pin="9"/>
    </net>
    <net code="28" name="Net-(J6-Pad1)">
      <node ref="RN3" pin="10"/>
      <node ref="J6" pin="1"/>
    </net>
    <net code="29" name="PB1">
      <node ref="J3" pin="14"/>
      <node ref="U3" pin="10"/>
    </net>
    <net code="30" name="PB2">
      <node ref="U3" pin="9"/>
      <node ref="J3" pin="15"/>
    </net>
    <net code="31" name="+5V">
      <node ref="J8" pin="2"/>
      <node ref="J9" pin="2"/>
      <node ref="U3" pin="16"/>
      <node ref="C2" pin="1"/>
      <node ref="U2" pin="20"/>
      <node ref="R1" pin="1"/>
      <node ref="J3" pin="4"/>
      <node ref="U1" pin="3"/>
      <node ref="J12" pin="2"/>
      <node ref="J10" pin="2"/>
      <node ref="J7" pin="2"/>
      <node ref="J6" pin="2"/>
      <node ref="J5" pin="2"/>
      <node ref="J11" pin="2"/>
    </net>
    <net code="32" name="Net-(R2-Pad1)">
      <node ref="R2" pin="1"/>
      <node ref="U3" pin="5"/>
    </net>
    <net code="33" name="PB3">
      <node ref="J3" pin="16"/>
      <node ref="R2" pin="2"/>
    </net>
    <net code="34" name="Net-(C1-Pad1)">
      <node ref="U1" pin="1"/>
      <node ref="D1" pin="1"/>
      <node ref="C1" pin="1"/>
    </net>
    <net code="35" name="GND">
      <node ref="RN2" pin="1"/>
      <node ref="J11" pin="3"/>
      <node ref="J5" pin="3"/>
      <node ref="J9" pin="3"/>
      <node ref="J6" pin="3"/>
      <node ref="J8" pin="3"/>
      <node ref="J7" pin="3"/>
      <node ref="J3" pin="2"/>
      <node ref="U1" pin="2"/>
      <node ref="C1" pin="2"/>
      <node ref="C2" pin="2"/>
      <node ref="U3" pin="8"/>
      <node ref="J1" pin="1"/>
      <node ref="D2" pin="1"/>
      <node ref="J2" pin="1"/>
      <node ref="J4" pin="9"/>
      <node ref="U3" pin="7"/>
      <node ref="U2" pin="19"/>
      <node ref="U2" pin="1"/>
      <node ref="U2" pin="10"/>
      <node ref="RN1" pin="1"/>
      <node ref="J10" pin="3"/>
      <node ref="J12" pin="3"/>
    </net>
    <net code="36" name="Net-(J3-Pad3)">
      <node ref="J3" pin="3"/>
    </net>
    <net code="37" name="Net-(RN3-Pad5)">
      <node ref="RN3" pin="5"/>
      <node ref="U2" pin="14"/>
    </net>
    <net code="38" name="Net-(RN3-Pad1)">
      <node ref="RN3" pin="1"/>
      <node ref="U2" pin="18"/>
    </net>
    <net code="39" name="Net-(RN3-Pad2)">
      <node ref="RN3" pin="2"/>
      <node ref="U2" pin="17"/>
    </net>
    <net code="40" name="Net-(RN3-Pad3)">
      <node ref="RN3" pin="3"/>
      <node ref="U2" pin="16"/>
    </net>
    <net code="41" name="Net-(RN3-Pad4)">
      <node ref="U2" pin="15"/>
      <node ref="RN3" pin="4"/>
    </net>
    <net code="42" name="Net-(RN3-Pad6)">
      <node ref="U2" pin="13"/>
      <node ref="RN3" pin="6"/>
    </net>
    <net code="43" name="Net-(RN3-Pad7)">
      <node ref="U2" pin="12"/>
      <node ref="RN3" pin="7"/>
    </net>
    <net code="44" name="Net-(RN3-Pad8)">
      <node ref="RN3" pin="8"/>
      <node ref="U2" pin="11"/>
    </net>
    <net code="45" name="PC0">
      <node ref="J3" pin="17"/>
      <node ref="U2" pin="9"/>
      <node ref="RN2" pin="2"/>
    </net>
    <net code="46" name="PC1">
      <node ref="U2" pin="8"/>
      <node ref="RN2" pin="3"/>
      <node ref="J3" pin="18"/>
    </net>
    <net code="47" name="PC2">
      <node ref="J3" pin="19"/>
      <node ref="RN2" pin="4"/>
      <node ref="U2" pin="7"/>
    </net>
    <net code="48" name="PC3">
      <node ref="J3" pin="20"/>
      <node ref="U2" pin="6"/>
      <node ref="RN2" pin="5"/>
    </net>
    <net code="49" name="PC4">
      <node ref="J3" pin="21"/>
      <node ref="RN2" pin="6"/>
      <node ref="U2" pin="5"/>
    </net>
    <net code="50" name="PC5">
      <node ref="RN2" pin="7"/>
      <node ref="J3" pin="22"/>
      <node ref="U2" pin="4"/>
    </net>
    <net code="51" name="PC6">
      <node ref="J3" pin="23"/>
      <node ref="U2" pin="3"/>
      <node ref="RN2" pin="8"/>
    </net>
    <net code="52" name="Net-(J3-Pad11)">
      <node ref="J3" pin="11"/>
    </net>
    <net code="53" name="Net-(U3-Pad6)">
      <node ref="U3" pin="6"/>
    </net>
    <net code="54" name="Net-(J4-Pad8)">
      <node ref="U3" pin="4"/>
      <node ref="J4" pin="8"/>
    </net>
    <net code="55" name="PB0">
      <node ref="J3" pin="13"/>
      <node ref="U3" pin="11"/>
    </net>
    <net code="56" name="Net-(J4-Pad7)">
      <node ref="J4" pin="7"/>
      <node ref="U3" pin="3"/>
    </net>
    <net code="57" name="Net-(J4-Pad6)">
      <node ref="U3" pin="2"/>
      <node ref="J4" pin="6"/>
    </net>
    <net code="58" name="Net-(J4-Pad5)">
      <node ref="J4" pin="5"/>
      <node ref="U3" pin="1"/>
    </net>
    <net code="59" name="Net-(J4-Pad4)">
      <node ref="U3" pin="15"/>
      <node ref="J4" pin="4"/>
    </net>
    <net code="60" name="Net-(J4-Pad3)">
      <node ref="U3" pin="14"/>
      <node ref="J4" pin="3"/>
    </net>
    <net code="61" name="Net-(J4-Pad2)">
      <node ref="U3" pin="13"/>
      <node ref="J4" pin="2"/>
    </net>
    <net code="62" name="Net-(J4-Pad1)">
      <node ref="U3" pin="12"/>
      <node ref="J4" pin="1"/>
    </net>
    <net code="63" name="Net-(J2-Pad5)">
      <node ref="J3" pin="8"/>
      <node ref="J2" pin="5"/>
    </net>
    <net code="64" name="Net-(D1-Pad2)">
      <node ref="J3" pin="1"/>
      <node ref="J1" pin="2"/>
      <node ref="D1" pin="2"/>
    </net>
    <net code="65" name="Net-(J2-Pad4)">
      <node ref="J3" pin="7"/>
      <node ref="J2" pin="4"/>
    </net>
    <net code="66" name="Net-(D2-Pad2)">
      <node ref="R1" pin="2"/>
      <node ref="D2" pin="2"/>
    </net>
    <net code="67" name="Net-(J2-Pad3)">
      <node ref="J3" pin="6"/>
      <node ref="J2" pin="3"/>
    </net>
    <net code="68" name="Net-(J2-Pad2)">
      <node ref="J3" pin="5"/>
      <node ref="J2" pin="2"/>
    </net>
    <net code="69" name="Net-(J8-Pad1)">
      <node ref="RN3" pin="12"/>
      <node ref="J8" pin="1"/>
    </net>
    <net code="70" name="Net-(J11-Pad1)">
      <node ref="RN3" pin="15"/>
      <node ref="J11" pin="1"/>
    </net>
    <net code="71" name="Net-(J10-Pad1)">
      <node ref="J10" pin="1"/>
      <node ref="RN3" pin="14"/>
    </net>
    <net code="72" name="Net-(J9-Pad1)">
      <node ref="J9" pin="1"/>
      <node ref="RN3" pin="13"/>
    </net>
    <net code="73" name="Net-(J7-Pad1)">
      <node ref="J7" pin="1"/>
      <node ref="RN3" pin="11"/>
    </net>
    <net code="74" name="Net-(J12-Pad1)">
      <node ref="J12" pin="1"/>
      <node ref="RN3" pin="16"/>
    </net>
    <net code="75" name="PC7">
      <node ref="J3" pin="24"/>
      <node ref="RN2" pin="9"/>
      <node ref="U2" pin="2"/>
    </net>
  </nets>
</export>
